-- SPACECRAFT INSERT --
INSERT INTO SPACECRAFT (NAME, COUNTRY) VALUES ('Mars 2', 'China');
INSERT INTO SPACECRAFT (NAME, COUNTRY) VALUES ('Mars Pathfinder', 'USA');
INSERT INTO SPACECRAFT (NAME, COUNTRY) VALUES ('Mars 3', 'China');
INSERT INTO SPACECRAFT (NAME, COUNTRY) VALUES ('Beagle 2', 'Russia');



-- ORBITER INSERT --
INSERT INTO ORBITER (CMODE, TYPE, BAND, PLANET, ISMALFUNCTIONING) VALUES ('x-band', 'Opportunity Orbiter', '500bps', 'Mars', 0);
INSERT INTO ORBITER (CMODE, TYPE, BAND, PLANET, ISMALFUNCTIONING) VALUES ('UHF', 'Beagle Orbiter', '1500bps', 'Mars', 1);
INSERT INTO ORBITER (CMODE, TYPE, BAND, PLANET, ISMALFUNCTIONING) VALUES ('x-band', 'Odyssey Orbiter', '320000bps', 'Mars', 0);
INSERT INTO ORBITER (CMODE, TYPE, BAND, PLANET, ISMALFUNCTIONING) VALUES ('UHF', 'Curiosity Orbiter', '10000bps', 'Mars', 1);


-- STORAGE INSERT --
INSERT INTO STORAGE (TYPE, CAPACITY) VALUES ('A', '100TB');
INSERT INTO STORAGE (TYPE, CAPACITY) VALUES ('B', '500TB');
INSERT INTO STORAGE (TYPE, CAPACITY) VALUES ('C', '1000TB');


-- MISSION INSERT --
INSERT INTO MISSION
  (SPACECRAFT_ID, NAME, PLANET, YEAR) VALUES
  (1, 'Mars Exploration Rover', 'Mars', TO_DATE('1990-06-11 00:00:00', 'YYYY-MM-DD HH24:MI:SS'));
INSERT INTO MISSION
  (SPACECRAFT_ID, NAME, PLANET, YEAR) VALUES
  (2, 'Planetary Undersurface Tool', 'Mars', TO_DATE('2003-05-06 00:00:00', 'YYYY-MM-DD HH24:MI:SS'));
INSERT INTO MISSION
  (SPACECRAFT_ID, NAME, PLANET, YEAR) VALUES
  (3, 'Mars Pathfinder', 'Mars', TO_DATE('1997-07-04 00:00:00', 'YYYY-MM-DD HH24:MI:SS'));
INSERT INTO MISSION
  (SPACECRAFT_ID, NAME, PLANET, YEAR) VALUES
  (4, 'Mars Science Laboratory', 'Mars', TO_DATE('2011-11-26 00:00:00', 'YYYY-MM-DD HH24:MI:SS'));


-- OBJECTIVES INSERT --
INSERT INTO OBJECTIVES (MISSION_ID, NAME, TYPE, DESCRIPTION) VALUES (1, 'Determine present state, distribution, and cycling of water and carbon dioxide', 'Planetary Process', 'aajvos adodvda dom lmd daosid sdpin');
INSERT INTO OBJECTIVES (MISSION_ID, NAME, TYPE, DESCRIPTION) VALUES (2, 'Determine the nature and inventory of organic carbon compounds', 'Biological', 'knca kan oua aoa ja aca ddad ladpia');
INSERT INTO OBJECTIVES (MISSION_ID, NAME, TYPE, DESCRIPTION) VALUES (3, 'Interpret the processes that have formed and modified rocks and soils', 'Geological and geochemical', 'aajvos adodvda dom lmd daosid sdpin');
INSERT INTO OBJECTIVES (MISSION_ID, NAME, TYPE, DESCRIPTION) VALUES (4, 'Measure Surface and interior radiation of the journey', 'Surface rdiation', 'knca kan oua aoa ja aca ddad ladpia');


-- ROVER INSERT --
INSERT INTO ROVER (MISSION_ID, NAME, STATE, WIDTH, HEIGHT, LENGTH, WHEEL_COUNT) VALUES (1, 'Opportunity', 'DEPLOYING', '2.3m', '1.5m', '1.6m', 6);
INSERT INTO ROVER (MISSION_ID, NAME, STATE, WIDTH, HEIGHT, LENGTH, WHEEL_COUNT) VALUES (2, 'Beagle 2', 'LANDED', '1m', '0.25m', '1.5m', 4);
INSERT INTO ROVER (MISSION_ID, NAME, STATE, WIDTH, HEIGHT, LENGTH, WHEEL_COUNT) VALUES (3, 'Sojourner', 'READY', '0.7m', '1m', '0.65m', 6);
INSERT INTO ROVER (MISSION_ID, NAME, STATE, WIDTH, HEIGHT, LENGTH, WHEEL_COUNT) VALUES (4, 'Curiosity', null, '2.7m', '2.2m', '2.9', 6);


-- COMPUTER INSERT --
INSERT INTO COMPUTER (ROVER_ID, EEPROM, DRAM, FLASH) VALUES (1, '2GB', '500MB', '1GB');
INSERT INTO COMPUTER (ROVER_ID, EEPROM, DRAM, FLASH) VALUES (2, '3GB', '125MB', '2GB');
INSERT INTO COMPUTER (ROVER_ID, EEPROM, DRAM, FLASH) VALUES (3, '2GB', '250MB', '1GB');
INSERT INTO COMPUTER (ROVER_ID, EEPROM, DRAM, FLASH) VALUES (4, '4GB', '125MB', '1GB');


-- COMMUNICATION INSERT --
INSERT INTO COMMUNICATION (ROVER_ID, ORBITER_ID, CMODE, TYPE, BAND) VALUES (1, 1, 'UHF', 'INDIRECT', '10Mb');
INSERT INTO COMMUNICATION (ROVER_ID, ORBITER_ID, CMODE, TYPE, BAND) VALUES (2, 2, 'x-band', 'INDIRECT', '100Mb');
INSERT INTO COMMUNICATION (ROVER_ID, ORBITER_ID, CMODE, TYPE, BAND) VALUES (3, 3, 'x-band', 'INDIRECT', '250Mb');
INSERT INTO COMMUNICATION (ROVER_ID, ORBITER_ID, CMODE, TYPE, BAND) VALUES (4, null, 'UHF', 'DIRECT', '10000bps');


-- CAMERATYPE INSERT --
INSERT INTO CAMERATYPE (TYPE) VALUES ('HazCam');
INSERT INTO CAMERATYPE (TYPE) VALUES ('NavCam');
INSERT INTO CAMERATYPE (TYPE) VALUES ('MastCam');
INSERT INTO CAMERATYPE (TYPE) VALUES ('MAHLI');
INSERT INTO CAMERATYPE (TYPE) VALUES ('MARDI');
INSERT INTO CAMERATYPE (TYPE) VALUES ('ChemCam');
INSERT INTO CAMERATYPE (TYPE) VALUES ('PanCam');


-- CAMERA INSERT --
INSERT INTO CAMERA
  (ROVER_ID, CAMERA_TYPE_ID, ISMAINCAM, NAME, FOCAL_LENGTH, FIELD_OF_VIEW, RESOLUTION)
  VALUES (1, 1, 0, 'HazCam', '23mm', '120°', '1600 x 1200');
INSERT INTO CAMERA
  (ROVER_ID, CAMERA_TYPE_ID, ISMAINCAM, NAME, FOCAL_LENGTH, FIELD_OF_VIEW, RESOLUTION)
  VALUES (1, 2, 1, 'NavCam', '50mm', '45°', '3840 x 2160');
INSERT INTO CAMERA
  (ROVER_ID, CAMERA_TYPE_ID, ISMAINCAM, NAME, FOCAL_LENGTH, FIELD_OF_VIEW, RESOLUTION)
  VALUES (1, 6, 0, 'ChemCam', '25mm', '40.3°', '3840 x 2160');
INSERT INTO CAMERA
  (ROVER_ID, CAMERA_TYPE_ID, ISMAINCAM, NAME, FOCAL_LENGTH, FIELD_OF_VIEW, RESOLUTION)
  VALUES (1, 7, 0, 'PanCam', '38mm', '45°', '4000 x 24000');
INSERT INTO CAMERA
  (ROVER_ID, CAMERA_TYPE_ID, ISMAINCAM, NAME, FOCAL_LENGTH, FIELD_OF_VIEW, RESOLUTION)
  VALUES (2, 1, 0, 'HazCam', '32mm', '60°', '1600 x 1200');
INSERT INTO CAMERA
  (ROVER_ID, CAMERA_TYPE_ID, ISMAINCAM, NAME, FOCAL_LENGTH, FIELD_OF_VIEW, RESOLUTION)
  VALUES (3, 2, 0, 'NavCam', '34mm', '40°', '3840 x 2160');
INSERT INTO CAMERA
  (ROVER_ID, CAMERA_TYPE_ID, ISMAINCAM, NAME, FOCAL_LENGTH, FIELD_OF_VIEW, RESOLUTION)
  VALUES (3, 3, 0, 'MastCam 1', '34mm', '15°', '1280 x 720');
INSERT INTO CAMERA
  (ROVER_ID, CAMERA_TYPE_ID, ISMAINCAM, NAME, FOCAL_LENGTH, FIELD_OF_VIEW, RESOLUTION)
  VALUES (3, 5, 1, 'MARDI', '30mm', '35.8°', '4096 x 2160');
INSERT INTO CAMERA
  (ROVER_ID, CAMERA_TYPE_ID, ISMAINCAM, NAME, FOCAL_LENGTH, FIELD_OF_VIEW, RESOLUTION)
  VALUES (4, 3, 0, 'MastCam 2', '100mm', '5.1°', '7280 x 4320');
INSERT INTO CAMERA
  (ROVER_ID, CAMERA_TYPE_ID, ISMAINCAM, NAME, FOCAL_LENGTH, FIELD_OF_VIEW, RESOLUTION)
  VALUES (4, 4, 0, 'MAHLI', '21.3mm', '38.5°', '1600 x 1200');
INSERT INTO CAMERA
  (ROVER_ID, CAMERA_TYPE_ID, ISMAINCAM, NAME, FOCAL_LENGTH, FIELD_OF_VIEW, RESOLUTION)
  VALUES (4, 4, 0, 'MARDI', '28mm', '35°', '4096 x 2160');
INSERT INTO CAMERA
  (ROVER_ID, CAMERA_TYPE_ID, ISMAINCAM, NAME, FOCAL_LENGTH, FIELD_OF_VIEW, RESOLUTION)
  VALUES (4, 2, 1, 'NavCam', '50mm', '45°', '3840 x 2160');
INSERT INTO CAMERA
  (ROVER_ID, CAMERA_TYPE_ID, ISMAINCAM, NAME, FOCAL_LENGTH, FIELD_OF_VIEW, RESOLUTION)
  VALUES (4, 6, 0, 'ChemCam', '25mm', '40.3°', '3840 x 2160');


-- MASTSUBCAMERA INSERT --
INSERT INTO MASTSUBCAMERA (CAMERA_ID, NAME, YIELD, SCALE) VALUES (1, 'MAC', '22cm/pixel', '1km');
INSERT INTO MASTSUBCAMERA (CAMERA_ID, NAME, YIELD, SCALE) VALUES (2, 'NAC', '7.4cm/pixel', '1km');


-- IMAGES INSERT --
INSERT INTO IMAGES
  (CAMERA_ID, STORAGE_ID, DATA, SIGNIFICANCE, RESOLUTION)
  VALUES (1, 1, 'Image 1', 75, '1600 x 1200');
INSERT INTO IMAGES
  (CAMERA_ID, STORAGE_ID, DATA, SIGNIFICANCE, RESOLUTION)
  VALUES (2, 2, 'Image 2', 55, '3840 x 2160');
INSERT INTO IMAGES
  (CAMERA_ID, STORAGE_ID, DATA, SIGNIFICANCE, RESOLUTION)
  VALUES (3, 2, 'Image 3', 60, '4096 x 2160');
INSERT INTO IMAGES
  (CAMERA_ID, STORAGE_ID, DATA, SIGNIFICANCE, RESOLUTION)
  VALUES (4, 3, 'Image 4', 32, '1280 x 720');


-- COORDINATE INSERT --
INSERT INTO COORDINATES (COMPUTER_ID, IMAGE_ID, DATA) VALUES (1, 1, '48.218830° N, 234.250778° E');
INSERT INTO COORDINATES (COMPUTER_ID, IMAGE_ID, DATA) VALUES (2, 2, '34.218830°N, 154.250778°E');
INSERT INTO COORDINATES (COMPUTER_ID, IMAGE_ID, DATA) VALUES (3, 3, '61.218830° N, 134.250778° E');
INSERT INTO COORDINATES (COMPUTER_ID, IMAGE_ID, DATA) VALUES (4, 4, '58.218830° N, 244.250778° E');


-- COORDINATECOPY INSERT --
INSERT INTO COORDINATECOPY (COMPUTER_ID, DATA) VALUES (1, '48.218830° N, 234.250778° E');
INSERT INTO COORDINATECOPY (COMPUTER_ID, DATA) VALUES (2, '34.218830°N, 154.250778°E');
INSERT INTO COORDINATECOPY (COMPUTER_ID, DATA) VALUES (3, '61.218830° N, 134.250778° E');
INSERT INTO COORDINATECOPY (COMPUTER_ID, DATA) VALUES (4, '58.218830° N, 244.250778° E');


-- RADIATION INSERT --
INSERT INTO RADIATION (COORDINATE_ID, RADLEVEL, TYPE) VALUES (1, '200mrad/d', 'cosmic');
INSERT INTO RADIATION (COORDINATE_ID, RADLEVEL, TYPE) VALUES (2, '100mrad/d', 'cosmic');
INSERT INTO RADIATION (COORDINATE_ID, RADLEVEL, TYPE) VALUES (3, '25mrad/d', 'gamma');
INSERT INTO RADIATION (COORDINATE_ID, RADLEVEL, TYPE) VALUES (4, '50mrad/d', 'X');


-- SURFACE INSERT --
INSERT INTO SURFACE (RADIATION_ID, LANDINGSITE) VALUES (1, 'Aeolis Palus');
INSERT INTO SURFACE (RADIATION_ID, LANDINGSITE) VALUES (2, 'Peace Vallis');
INSERT INTO SURFACE (RADIATION_ID, LANDINGSITE) VALUES (3, 'Aeolis Mons');
INSERT INTO SURFACE (RADIATION_ID, LANDINGSITE) VALUES (4, 'Gale Crater');


-- INTERIOOR INSERT --
INSERT INTO INTERIOR (RADIATION_ID, DISTANCE) VALUES (1, 500000);
INSERT INTO INTERIOR (RADIATION_ID, DISTANCE) VALUES (2, 800000);
INSERT INTO INTERIOR (RADIATION_ID, DISTANCE) VALUES (3, 20000);
INSERT INTO INTERIOR (RADIATION_ID, DISTANCE) VALUES (4, 100000);


-- INSTRUMENT INSERT --
INSERT INTO INSTRUMENT (CAMERA_ID, NAME, PURPOSE) VALUES (1, 'LIBS', 'provide elemental compositions');
INSERT INTO INSTRUMENT (CAMERA_ID, NAME, PURPOSE) VALUES (1, 'RMI', 'give high-resolution images');
INSERT INTO INSTRUMENT (CAMERA_ID, NAME, PURPOSE) VALUES (2, 'LIBS', 'provide elemental compositions');
INSERT INTO INSTRUMENT (CAMERA_ID, NAME, PURPOSE) VALUES (3, 'RMI', 'give high-resolution images');


-- SENSORTYPE INSERT --
INSERT INTO SENSORTYPE (TYPE) VALUES ('Infrared spectrometer');
INSERT INTO SENSORTYPE (TYPE) VALUES ('spectrometer');
INSERT INTO SENSORTYPE (TYPE) VALUES ('X-Ray spectrometer');
INSERT INTO SENSORTYPE (TYPE) VALUES ('spectrometer');


-- SENSOR INSERT --
INSERT INTO SENSOR (ROVER_ID, PARENT_ID, CAMERA_ID, SENSOR_TYPE_ID, NAME) VALUES (1, 1, 1, 1, 'Mini-TES');
INSERT INTO SENSOR (ROVER_ID, PARENT_ID, CAMERA_ID, SENSOR_TYPE_ID, NAME) VALUES (2, 1, 2, 2, 'Mössbauer');
INSERT INTO SENSOR (ROVER_ID, PARENT_ID, CAMERA_ID, SENSOR_TYPE_ID, NAME) VALUES (3, 1, 3, 3, 'APXS');
INSERT INTO SENSOR (ROVER_ID, PARENT_ID, CAMERA_ID, SENSOR_TYPE_ID, NAME) VALUES (4, 1, 4, 4, 'SAM');


-- POWERSOURCE INSERT --
INSERT INTO POWERSOURCE
  (ROVER_ID, NAME, CURRENT_LEVEL)
  VALUES (1, 'Nuclear generator', 3);
INSERT INTO POWERSOURCE
  (ROVER_ID, NAME, CURRENT_LEVEL)
  VALUES (2, 'Solar power', 10);
INSERT INTO POWERSOURCE
  (ROVER_ID, NAME, CURRENT_LEVEL)
  VALUES (3, 'Solar power', 45);
INSERT INTO POWERSOURCE
  (ROVER_ID, NAME, CURRENT_LEVEL)
  VALUES (4, 'Nuclear generator', 80);